,City,Cloudiness,Country,Date,Humidity,Lat,Lng,Max Temp,Wind Speed
0,dubbo,20,AU,1552665600,59,-32.25,148.6,66.2,17.22
1,butaritari,88,KI,1552666420,100,3.07,172.79,78.67,10
2,faanui,48,PF,1552666487,100,-16.48,-151.75,82.27,5.19
3,tiksi,8,RU,1552666487,35,71.64,128.87,-23.84,2.73
5,vaini,0,IN,1552666422,48,15.34,74.49,78.67,2.95
6,mehriz,20,IR,1552665600,19,31.58,54.44,68,16.11
7,thompson,90,CA,1552662000,77,55.74,-97.86,3.2,12.75
8,lorengau,92,PG,1552666415,96,-2.02,147.27,83.53,16.15
9,chokurdakh,44,RU,1552666445,32,70.62,147.9,-21.68,3.06
10,ushuaia,75,AR,1552665600,54,-54.81,-68.31,59,11.41
11,svetlogorsk,20,RU,1552665600,57,53.14,59.15,23,17.9
13,chara,20,GR,1552663200,58,39.42,22.43,57.2,4.41
14,rikitea,64,PF,1552666405,100,-23.12,-134.97,77.05,24.09
15,port alfred,68,ZA,1552666213,95,-33.59,26.89,73.99,1.99
16,namibe,20,AO,1552662000,62,-15.19,12.15,86,12.75
17,barrow,80,AR,1552666415,92,-38.31,-60.23,66.61,14.14
18,georgetown,40,GY,1552665600,74,6.8,-58.16,84.2,18.34
19,kulhudhuffushi,0,MV,1552666722,100,6.62,73.07,83.89,8.21
20,bukama,24,CD,1552666722,51,-9.2,25.85,90.91,4.74
21,victoria,75,BN,1552665600,78,5.28,115.24,80.6,3.36
22,yellowknife,90,CA,1552666374,85,62.45,-114.38,14,10.29
23,nikolskoye,20,RU,1552666394,93,59.7,30.79,37,13.42
24,mataura,0,NZ,1552666204,92,-46.19,168.86,48.99,3.51
25,chicama,75,PE,1552665600,83,-7.84,-79.15,73.4,10.29
26,kodiak,1,US,1552666407,37,39.95,-94.76,41,14.99
27,hithadhoo,92,MV,1552666128,100,-0.6,73.08,83.98,6.64
28,podgornoye,0,RU,1552666723,79,57.79,82.64,34.84,7.99
30,gizo,0,IL,1552666590,52,31.8,34.94,64.4,6.93
31,bluff,92,AU,1552666410,99,-23.58,149.07,67.33,5.64
32,hilo,75,US,1552666402,72,19.71,-155.08,64.4,3.36
33,neiafu,75,TO,1552665600,94,-18.65,-173.98,77,5.82
34,virginia beach,40,US,1552666639,64,36.85,-75.98,73.99,18.34
35,constitucion,75,MX,1552666216,52,23.99,-104.67,57.99,2.24
36,chifeng,92,CN,1552666724,85,42.27,118.96,28.72,2.62
37,gumdag,92,TM,1552666724,77,39.2,54.59,56.26,9.66
39,bredasdorp,12,ZA,1552665640,78,-34.53,20.04,77,16.11
40,pangkalanbuun,24,ID,1552666724,92,-2.68,111.62,75.79,2.84
42,oktyabrskoye,0,RU,1552666218,55,56.73,85.44,37,8.95
43,qadirpur ran,0,PK,1552665600,52,30.29,71.67,69.8,3.18
44,narrabri,80,AU,1552662000,50,-30.33,149.78,75.2,9.17
45,wasilla,1,US,1552666610,74,61.58,-149.44,33.01,4.7
46,hermanus,0,ZA,1552665656,77,-34.42,19.24,90,11.01
47,isangel,32,VU,1552662000,100,-19.55,169.27,75.2,2.24
48,qaanaaq,24,GL,1552666404,100,77.48,-69.36,-16.1,6.76
49,punta arenas,90,CL,1552665796,76,-53.16,-70.91,55.4,19.46
50,amapa,20,HN,1552665600,51,15.09,-87.97,86,5.82
51,scarborough,44,GB,1552666577,61,54.28,-0.41,50,23.04
52,kaitangata,8,NZ,1552666458,85,-46.28,169.85,47.71,3.62
53,cape town,0,ZA,1552666391,51,-33.93,18.42,90,10.29
54,tasiilaq,20,GL,1552661400,79,65.61,-37.64,19.4,4.7
55,port elizabeth,75,US,1552666369,60,39.31,-74.98,71.6,24.16
56,castro,0,CL,1552665600,52,-42.48,-73.76,68,8.05
57,jirkov,90,CZ,1552666625,100,50.5,13.45,50,10.29
58,busselton,0,AU,1552666260,56,-33.64,115.35,64.99,17.83
59,praia,40,BR,1552662000,43,-20.25,-43.81,87.8,3.36
60,albany,90,US,1552666249,76,42.65,-73.75,62.01,8.05
61,atuona,0,PF,1552666409,99,-9.8,-139.03,82.45,15.82
62,mehran,40,IR,1552665600,75,33.12,46.17,44.6,2.24
63,deputatskiy,20,RU,1552666727,35,69.3,139.9,-24.74,2.84
65,cidreira,0,BR,1552666413,85,-30.17,-50.22,79.57,7.65
67,rawson,92,AR,1552666727,100,-43.3,-65.11,60.49,8.99
68,leeton,0,AU,1552662000,49,-34.55,146.4,71.6,16.11
69,lagoa,0,PT,1552666329,32,37.14,-8.45,75.99,9.17
70,luzhou,92,CN,1552666728,91,28.89,105.45,51.4,2.39
71,hwange,44,ZW,1552666728,27,-18.35,26.5,92.44,11.23
72,guerrero negro,0,MX,1552666438,67,27.97,-114.04,49.15,6.53
73,framingham,90,US,1552666723,77,42.28,-71.42,59,14.99
74,seoul,20,KR,1552665600,80,37.57,126.98,37.4,1.12
75,chernyshevskiy,80,RU,1552666729,88,63.01,112.47,22.06,3.74
76,lebu,0,ET,1552666416,19,8.96,38.73,73.45,10.67
77,wamba,20,CD,1552666729,24,2.14,27.99,95.95,5.64
79,cayenne,75,GF,1552665600,66,4.94,-52.33,84.2,14.99
80,karratha,0,AU,1552666436,63,-20.74,116.85,80.11,8.66
83,provideniya,76,RU,1552666425,100,64.42,-173.23,18.64,21.74
84,imbituba,75,BR,1552665600,69,-28.24,-48.67,80.6,9.17
85,nzerekore,0,GN,1552666730,29,7.76,-8.82,98.83,4.18
86,meulaboh,48,ID,1552666488,100,4.14,96.13,79.57,3.74
87,komsomolskiy,68,RU,1552666422,81,67.55,63.78,5.59,6.42
88,hobart,75,AU,1552666335,72,-42.88,147.33,59,4.7
89,la ciotat,0,FR,1552666683,42,43.17,5.6,71.6,26.4
90,chuy,88,UY,1552666411,91,-33.69,-53.46,75.79,8.1
91,pacific grove,1,US,1552666433,53,36.62,-121.92,52,5.82
92,garissa,0,KE,1552666731,32,-0.46,39.64,95.95,7.65
93,ust-nera,44,RU,1552666444,52,64.57,143.24,-20.78,2.28
94,saint anthony,90,US,1552665360,63,43.97,-111.68,26.6,2.73
95,aksarka,0,RU,1552666531,54,66.56,67.8,-5.03,2.84
96,grand gaube,20,MU,1552666444,78,-20.01,57.66,80.01,5.19
97,ixtapa,75,MX,1552666208,83,20.71,-105.21,75,4.7
98,nemuro,0,JP,1552666421,90,43.32,145.57,32.77,14.47
100,qasigiannguit,75,GL,1552665000,46,68.82,-51.19,6.8,4.7
101,urengoy,48,RU,1552666732,78,65.96,78.37,6.67,6.2
102,jamestown,0,AU,1552666235,84,-33.21,138.6,51.85,6.76
103,codrington,92,AU,1552666389,94,-28.95,153.24,68,5.08
104,sao filipe,0,CV,1552666449,78,14.9,-24.5,75.25,17.94
106,avarua,76,CK,1552665600,88,-21.21,-159.78,77,19.46
107,klaksvik,88,FO,1552665000,80,62.23,-6.59,39.2,17.22
108,beneditinos,40,BR,1552665600,66,-5.46,-42.36,87.8,4.7
109,kargil,56,PK,1552666733,88,34.56,76.13,8.65,0.94
110,srisailam,0,IN,1552666733,29,16.07,78.87,84.7,10.78
111,kapaa,90,US,1552665606,93,22.08,-159.32,66.2,6.93
112,tuktoyaktuk,40,CA,1552662000,84,69.44,-133.03,1.4,14.99
113,beirut,40,LB,1552666602,59,33.9,35.48,60.8,10.29
114,kloulklubed,90,PW,1552665000,94,7.04,134.26,75.2,6.93
115,payo,36,ID,1552666734,96,-3.75,103.64,72.19,2.73
116,ngunguru,92,NZ,1552666084,91,-35.62,174.5,63,8.21
117,kushtagi,0,IN,1552666734,51,15.76,76.19,76.96,2.62
118,alamogordo,1,US,1552666693,41,32.9,-105.96,50,6.93
119,camacha,20,PT,1552663800,63,33.08,-16.33,66.2,10.29
120,mogadishu,0,SO,1552666734,97,2.04,45.34,82.27,17.38
121,pau dos ferros,20,BR,1552666735,86,-6.11,-38.21,84.34,4.63
122,kurumkan,36,RU,1552666735,90,54.33,110.32,15.76,2.28
123,bhigvan,0,IN,1552666735,33,18.32,74.77,77.68,5.86
125,dorogino,0,RU,1552666735,89,54.36,83.32,33.67,13.35
126,bethel,1,US,1552665360,85,60.79,-161.76,15.8,4.7
127,manyana,75,AU,1552666629,100,-35.26,150.51,71.01,11.41
129,new norfolk,75,AU,1552666395,72,-42.78,147.06,59,4.7
130,mani,36,GR,1552666736,51,41.41,26.4,53.11,5.75
131,sokoto,56,NG,1552666736,16,13.06,5.24,101.62,10.45
132,motala,92,SE,1552666581,86,58.54,15.04,39.2,3.18
133,sambava,44,MG,1552666520,100,-14.27,50.17,82.81,14.25
134,longyearbyen,40,NO,1552663200,77,78.22,15.63,5,8.05
136,vila velha,75,BR,1552665600,66,-3.71,-38.6,87.8,10.29
137,kokopo,80,PG,1552666737,100,-4.34,152.27,77.5,4.52
138,puri,44,ID,1552666738,91,-7.54,112.45,73,5.3
139,sovetskiy,8,RU,1552666739,82,56.76,48.47,21.34,7.65
140,coihaique,20,CL,1552665600,51,-45.58,-72.07,66.2,4.7
142,kharitonovo,64,RU,1552666739,76,61.4,47.5,26.38,8.1
143,ancud,0,CL,1552665600,52,-41.87,-73.83,68,8.05
144,dombarovskiy,0,RU,1552666739,84,50.76,59.54,22.51,8.88
145,hovd,0,NO,1552666501,44,63.83,10.7,42.01,12.75
146,puerto ayora,0,EC,1552665627,69,-0.74,-90.35,80.6,9.17
148,sorong,76,ID,1552666484,100,-0.86,131.25,80.2,11.01
149,salinopolis,68,BR,1552666522,97,-0.61,-47.36,82.27,9.22
150,esperance,40,TT,1552665689,62,10.24,-61.45,84.99,12.75
151,moussoro,68,TD,1552666740,13,13.64,16.49,97.21,16.71
152,matamoros,90,US,1552666697,77,25.87,-97.51,63,12.75
153,buala,76,SB,1552666741,92,-8.15,159.59,81.01,5.41
154,wabag,80,PG,1552666741,93,-5.48,143.7,50.95,2.06
156,barabai,64,ID,1552666442,96,-2.59,115.38,73.54,0.72
157,khatanga,44,RU,1552666407,71,71.98,102.47,-2.15,8.55
158,pangnirtung,20,CA,1552662000,63,66.15,-65.72,-7.61,5.64
159,broken hill,0,AU,1552662000,70,-31.97,141.45,66.2,8.05
160,goya,0,AR,1552666742,86,-29.14,-59.27,78.67,11.01
161,ahipara,56,NZ,1552666396,100,-35.17,173.16,66,7.09
162,puerto del rosario,20,ES,1552663800,77,28.5,-13.86,68,9.17
164,ouro preto do oeste,32,BR,1552666742,74,-10.75,-62.22,87.13,2.17
165,tchollire,64,CM,1552666742,19,8.4,14.17,99.91,3.96
166,araouane,0,ML,1552666406,18,18.9,-3.53,92.62,5.41
167,kimbe,92,PG,1552666743,100,-5.56,150.15,73.9,4.07
168,east london,75,ZA,1552662000,83,-33.02,27.91,77,13.87
169,aklavik,75,CA,1552662000,70,68.22,-135.01,3.2,6.93
170,mahebourg,40,MU,1552666144,78,-20.41,57.7,81,5.82
171,jalu,0,LY,1552666743,35,29.03,21.55,69.49,15.82
172,pevek,20,RU,1552666743,44,69.7,170.27,-27.98,1.72
173,taltal,0,CL,1552666460,72,-25.41,-70.49,68.41,0.94
174,saint-francois,75,FR,1552666546,71,46.42,3.91,55.4,13.87
175,bambous virieux,40,MU,1552666444,78,-20.34,57.76,80.01,5.82
176,murchison,0,AU,1552666575,67,-36.62,145.22,61,6.2
177,geraldton,90,CA,1552664820,78,49.72,-86.95,15.8,17.22
178,katsuura,40,JP,1552665072,87,33.93,134.5,43,3.36
179,salalah,20,OM,1552665000,69,17.01,54.1,77,8.05
180,torbay,40,CA,1552665700,59,47.66,-52.73,37.99,8.05
181,wattegama,68,LK,1552666744,71,7.35,80.68,78.04,4.18
183,carnarvon,68,ZA,1552666431,22,-30.97,22.13,85.51,11.45
184,diu,0,IN,1552666745,34,20.71,70.98,75.79,1.61
186,hauterive,90,FR,1552666617,62,46.09,3.45,55.4,13.87
187,san patricio,64,PY,1552666465,73,-26.98,-56.83,81.37,3.62
188,saskylakh,76,RU,1552666415,73,71.97,114.09,0.1,10.22
189,rehoboth,92,NA,1552666746,18,-23.31,17.08,89.65,6.76
190,kandrian,92,PG,1552666746,100,-6.21,149.55,72.82,3.4
191,jimenez,0,PA,1552666200,43,8.54,-82.37,89.6,18.34
192,molina,0,CL,1552665600,46,-35.11,-71.28,69.8,4.7
193,college,1,US,1552666237,92,64.86,-147.8,30,7.31
194,mehamn,40,NO,1552665000,86,71.03,27.85,33.8,14.99
196,mayya,0,RU,1552665600,75,61.74,130.28,-14.81,4.47
197,mbandaka,44,CD,1552666747,90,0.05,18.26,77.95,2.95
198,dzaoudzi,0,YT,1552665600,74,-12.79,45.27,84.2,4.7
199,grimshaw,20,CA,1552666632,58,56.19,-117.61,30,10.29
200,birjand,75,IR,1552665600,28,32.86,59.22,59,13.87
201,marquette,90,US,1552666618,74,46.54,-87.4,28.99,18.34
203,rize,75,TR,1552665000,93,41.02,40.52,48.2,9.17
204,zhigansk,12,RU,1552666486,38,66.77,123.37,-11.87,2.73
205,port blair,0,IN,1552666473,100,11.67,92.75,82.54,9.22
207,plavsk,88,RU,1552666748,91,53.71,37.29,30.43,12.24
208,khanu woralaksaburi,12,TH,1552666749,74,16.06,99.86,79.84,2.39
209,darhan,12,MN,1552666749,74,49.49,105.92,27.55,2.73
210,naze,40,NG,1552662000,79,5.43,7.07,86,3.36
211,palmdale,1,US,1552666504,51,34.58,-118.12,62.6,6.2
212,cabedelo,75,BR,1552665600,62,-6.97,-34.84,87.8,16.11
213,quelimane,44,MZ,1552666543,84,-17.88,36.89,85.69,10.33
214,mersing,12,MY,1552666750,91,2.43,103.84,78.04,6.64
215,dikson,24,RU,1552666426,83,73.51,80.55,-2.15,3.96
216,hamilton,90,CA,1552666263,81,43.26,-79.87,46.99,23.04
217,vila franca do campo,20,PT,1552666413,77,37.72,-25.43,59,8.05
218,changji,0,CN,1552666750,73,32.07,116.17,44.56,2.95
219,sharanga,44,RU,1552666750,77,57.18,46.54,25.03,7.2
220,kavaratti,0,IN,1552666428,100,10.57,72.64,83.62,7.65
221,padang,40,ID,1552662000,94,-0.92,100.36,78.8,2.24
222,portland,40,US,1552666269,86,45.52,-122.67,45,2.62
224,beringovskiy,80,RU,1552666470,84,63.05,179.32,8.65,21.85
225,lichuan,92,CN,1552666751,66,30.3,108.94,44.02,2.17
226,begijnendijk,92,BE,1552666726,87,51.02,4.78,55.4,20.8
227,talaya,0,RU,1552666529,55,55.79,84.89,37,8.95
228,nguru,8,NG,1552666751,15,12.88,10.45,100.09,16.82
229,fortuna,0,ES,1552666406,52,38.18,-1.13,78.01,10.29
230,gamba,64,CN,1552666407,58,28.28,88.52,5.77,2.17
232,norman wells,40,CA,1552662000,83,65.28,-126.83,-4.01,2.24
233,arraial do cabo,20,BR,1552665600,66,-22.97,-42.02,89.6,12.75
234,matongo,20,BI,1552662000,62,-3.07,29.61,84.2,11.41
235,ohara,68,JP,1552666470,92,35.12,135.83,44.01,2.73
236,saint-philippe,75,CA,1552666351,61,45.36,-73.48,52,28.86
237,itoman,75,JP,1552666396,42,26.12,127.67,66.2,17.22
238,surat thani,20,TH,1552666662,83,9.14,99.33,80.6,6.93
239,bubaque,0,GW,1552666753,69,11.28,-15.83,88.21,3.62
240,juegang,0,CN,1552666753,61,32.31,121.18,48,10
241,chapais,90,CA,1552662000,93,49.78,-74.86,41,17.22
242,mnogovershinnyy,24,RU,1552666469,80,53.94,139.92,9.64,1.28
243,dingle,0,PH,1552666411,78,11,122.67,76.87,11.68
244,sarh,0,TD,1552665600,10,9.14,18.39,104,6.93
245,sitka,0,US,1552665729,52,37.17,-99.65,41,11.01
246,jiangyou,92,CN,1552666754,92,31.78,104.73,48.52,2.95
247,port augusta,0,AU,1552666186,87,-32.49,137.76,66.99,4.7
248,haines junction,24,CA,1552666529,67,60.75,-137.51,9.55,2.17
249,araure,24,VE,1552666754,56,9.59,-69.23,88.39,3.18
250,ribeira grande,40,PT,1552663800,72,38.52,-28.7,62.6,11.41
251,mecca,0,SA,1552666755,31,21.43,39.83,82.18,8.77
252,razole,0,IN,1552666755,99,16.48,81.84,82.27,9.1
253,carballo,0,ES,1552666411,66,43.21,-8.69,64.99,8.05
254,airai,92,TL,1552666426,78,-8.93,125.41,70.84,1.39
255,san miguel,75,AR,1552666707,73,-34.54,-58.72,77,16.11
256,zrece,90,SI,1552666706,41,46.38,15.38,61,5.82
257,praia da vitoria,40,PT,1552665611,68,38.73,-27.07,64.4,13.91
258,benguela,92,AO,1552666764,100,-12.58,13.4,80.65,9.66
259,cabo san lucas,40,MX,1552665945,72,22.89,-109.91,69.01,4.41
260,sassandra,12,CI,1552666765,93,4.95,-6.09,85.6,9.66
261,clyde river,75,CA,1552662000,83,70.47,-68.59,-11.21,5.82
262,vardo,90,US,1552666411,43,39.62,-77.74,72,18.34
263,mbuji-mayi,20,CD,1552662000,38,-6.13,23.6,93.2,4.7
264,lompoc,1,US,1552666310,100,34.64,-120.46,57.99,3.96
265,takoradi,8,GH,1552666442,88,4.89,-1.75,86.86,9.1
266,denham springs,40,US,1552666747,58,30.49,-90.96,59,8.05
267,batsfjord,40,NO,1552665000,86,70.63,29.72,32,13.87
268,boueni,0,YT,1552665600,74,-12.9,45.08,84.2,4.7
270,husavik,20,CA,1552666243,76,50.56,-96.99,25,8.01
271,muli,0,IN,1552666766,26,22.62,71.45,75.25,7.87
272,katobu,92,ID,1552666529,100,-4.94,122.53,76.33,5.41
273,nalut,0,LY,1552666766,59,31.86,10.98,63.01,5.86
274,cherskiy,44,RU,1552666419,35,68.75,161.3,-23.75,3.18
275,labuhan,68,ID,1552666454,95,-2.54,115.51,73.81,1.61
276,ribeira brava,40,PT,1552666689,63,32.65,-17.07,66.2,5.82
277,mapastepec,0,MX,1552666767,63,15.44,-92.9,79.84,2.73
278,lata,0,IN,1552666524,90,30.78,78.62,35.47,2.17
279,moram,0,NG,1552666767,13,10.55,12.13,98.83,16.04
280,san andres del rabanedo,0,ES,1552666711,18,42.61,-5.62,70,6.93
282,bathsheba,40,BB,1552665600,62,13.22,-59.52,84.2,19.46
285,natal,75,BR,1552665600,83,-5.81,-35.21,82.4,6.93
286,marawi,8,PH,1552665641,83,8,124.29,75,5.01
288,bahia honda,0,CU,1552666768,68,22.9,-83.16,81.73,6.64
289,ahuimanu,20,US,1552666394,88,21.44,-157.84,66.2,3.36
290,shipitsyno,88,RU,1552666769,84,61.28,46.52,29.53,8.43
291,businga,64,CD,1552666769,65,3.34,20.89,86.05,3.18
292,fort nelson,20,CA,1552662000,72,58.81,-122.69,17.6,9.17
293,mount isa,0,AU,1552665600,22,-20.73,139.49,78.8,6.93
294,opuwo,12,NA,1552666769,73,-18.06,13.84,77.41,1.61
295,myitkyina,44,MM,1552666769,99,25.38,97.4,64.54,4.63
296,oranjestad,20,AW,1552665600,62,12.52,-70.03,86,21.92
298,nanortalik,0,GL,1552666446,100,60.14,-45.24,22.42,8.32
299,darab,92,IR,1552666770,80,28.75,54.55,50.32,2.06
300,high level,20,CA,1552665600,68,58.52,-117.13,30.2,9.17
301,tonota,20,BW,1552665600,44,-21.44,27.46,80.6,10.29
302,hasaki,75,JP,1552665876,65,35.73,140.83,46.4,3.36
303,bani walid,0,LY,1552666770,39,31.76,14,64.9,17.49
305,ilebo,24,CD,1552666771,89,-4.33,20.59,81.73,2.95
306,badou,0,TG,1552666771,70,7.58,0.61,88.12,2.39
307,mayo,20,CA,1552662000,92,63.59,-135.9,5,2.84
308,palmer,0,AU,1552666687,67,-34.85,139.16,66,6.93
309,abnub,0,EG,1552662000,25,27.27,31.15,73.4,11.41
310,portree,92,GB,1552666544,75,57.41,-6.19,46,15.01
311,muhos,88,FI,1552666582,98,64.81,26,33.01,6.93
312,ofunato,92,JP,1552666772,84,39.11,141.75,40.42,7.2
313,solvychegodsk,88,RU,1552666772,84,61.33,46.92,29.53,8.43
314,uarini,20,BR,1552665600,70,-2.98,-65.16,87.8,5.82
315,prince rupert,90,CA,1552662000,86,54.32,-130.32,39.2,10.29
316,kupang,75,ID,1552662000,94,-10.16,123.6,77,2.24
317,rondonopolis,80,BR,1552666773,85,-16.46,-54.64,82.81,4.18
318,thinadhoo,80,MV,1552666773,100,0.53,72.93,83.35,6.42
319,lazaro cardenas,75,MX,1552664400,34,28.39,-105.62,51.8,13.87
321,richards bay,0,ZA,1552666773,66,-28.77,32.06,81.82,9.44
322,kenai,1,US,1552666324,79,60.55,-151.26,33.01,13.87
324,teguise,0,ES,1552663800,88,29.06,-13.56,66.2,17.22
325,inhambane,75,MZ,1552662000,69,-23.87,35.38,82.4,10.29
326,mar del plata,8,AR,1552666373,69,-46.43,-67.52,61.93,6.76
327,cairns,40,AU,1552666217,94,-16.92,145.77,77,1.12
328,kermanshah,40,IR,1552665600,61,34.32,47.07,46.4,4.7
329,udarnyy,36,RU,1552666774,81,54.34,42.86,27.82,7.65
330,baykit,88,RU,1552666476,92,61.68,96.39,28.36,3.18
331,mildura,0,AU,1552665681,48,-34.18,142.16,61,4.7
332,havlickuv brod,75,CZ,1552666719,81,49.61,15.58,46.99,14.99
333,skegness,75,GB,1552666655,54,53.14,0.34,55.4,26.4
334,pitimbu,75,BR,1552665600,62,-7.47,-34.81,87.8,16.11
335,kieta,88,PG,1552666518,100,-6.22,155.63,75.34,2.62
336,santa maria,20,BR,1552662000,57,-29.69,-53.81,78.8,6.93
337,bainbridge,68,US,1552666598,57,30.9,-84.58,81,11.23
338,gorontalo,68,ID,1552666778,80,0.54,123.06,76.42,3.96
339,dossor,0,KZ,1552666778,55,47.52,52.98,37.81,10.45
340,shelburne,90,CA,1552666680,87,44.08,-80.2,44.01,16.11
341,massaguet,0,TD,1552665600,8,12.48,15.44,100.4,17.22
342,chenghai,0,CN,1552665600,100,23.46,116.77,60.8,19.73
343,charters towers,0,AU,1552666779,87,-20.07,146.27,73.9,6.2
345,warrington,40,GB,1552666683,66,53.39,-2.59,53.01,24.16
346,tiznit,12,MA,1552666519,77,29.7,-9.73,72.82,4.97
347,requena,20,ES,1552666752,33,39.49,-1.1,75,10.29
349,lensk,80,RU,1552666780,87,60.71,114.91,25.3,4.18
350,coquimbo,75,CL,1552665600,77,-29.95,-71.34,64.4,11.41
351,samarai,92,PG,1552666780,100,-10.62,150.67,78.67,11.23
352,san cristobal,75,EC,1552665685,60,-0.39,-78.55,68,4.7
353,trincomalee,0,LK,1552666780,79,8.58,81.23,77.41,7.2
354,vostok,64,RU,1552666430,79,46.45,135.83,17.11,2.17
355,chambas,40,CU,1552665000,58,22.19,-78.91,82.4,16.11
356,inverness,40,GB,1552666505,86,57.48,-4.23,45,23.04
357,lanxi,56,CN,1552666781,76,29.21,119.46,43.75,2.39
359,kezmarok,75,SK,1552666724,65,49.14,20.43,45,13.87
360,champagnole,75,FR,1552666747,66,46.75,5.91,55.4,10.29
361,salento,40,CO,1552665600,69,4.64,-75.57,78.8,4.7
362,kavieng,92,PG,1552666450,100,-2.57,150.8,78.31,12.8
363,hami,0,CN,1552666782,56,42.84,93.51,37,3.62
364,bure,20,NG,1552666782,14,10.52,10.33,99.64,13.69
365,long beach,75,US,1552666631,87,30.35,-89.15,61,12.75
366,pisco,0,PE,1552665600,30,-13.71,-76.2,71.6,9.17
367,tayoltita,88,MX,1552666782,45,24.11,-105.93,64.45,2.17
368,galle,75,US,1552666463,43,29.74,-97.91,55.99,12.75
369,la quinta,1,US,1552666712,19,33.68,-116.3,66.2,11.41
370,yar-sale,8,RU,1552666783,67,66.83,70.83,7.84,11.79
371,acari,36,BR,1552666499,73,-6.44,-36.64,82.54,9.55
372,najran,40,SA,1552662000,29,17.54,44.22,87.8,9.17
373,magistralnyy,8,RU,1552666783,76,56.17,107.45,18.1,2.95
375,bodden town,40,KY,1552662000,74,19.28,-81.25,82.4,14.99
376,upernavik,48,GL,1552666413,100,72.79,-56.15,-0.89,9.78
378,tazovskiy,48,RU,1552666784,78,67.47,78.7,6.85,7.54
379,bayshore gardens,75,US,1552666695,65,27.43,-82.59,84,9.17
380,biryusinsk,8,RU,1552666784,78,55.96,97.82,27.91,2.73
381,caceres,76,CO,1552666607,94,5.53,-74.53,70.93,2.17
382,chiredzi,100,ZW,1552666785,96,-21.05,31.67,72.55,15.48
383,ilulissat,75,GL,1552661400,54,69.22,-51.1,5,5.82
384,dehui,0,CN,1552665600,44,44.53,125.71,19.4,4.47
385,lom sak,92,TH,1552666785,60,16.78,101.24,78.04,3.06
388,iquique,75,CL,1552665600,57,-20.22,-70.14,75.2,12.75
389,kruisfontein,36,ZA,1552666483,82,-34,24.73,70.39,15.82
390,pozo colorado,88,PY,1552666786,100,-23.49,-58.8,75.52,8.43
392,talnakh,44,RU,1552666440,85,69.49,88.39,2.17,4.18
394,eyl,0,SO,1552666786,86,7.98,49.82,79.75,12.8
395,awbari,0,LY,1552666786,22,26.59,12.77,73.9,6.64
396,oksfjord,75,NO,1552666528,74,70.24,22.35,33.8,8.05
397,flinders,75,AU,1552666745,100,-34.58,150.85,71.01,11.41
398,asosa,0,ET,1552666787,14,10.07,34.53,92.89,6.31
400,faya,40,SA,1552662000,63,18.39,42.45,69.8,12.75
401,leningradskiy,32,RU,1552666489,78,69.38,178.42,-12.41,5.75
402,rorvik,0,NO,1552666501,86,64.86,11.24,39.2,8.05
403,dekar,0,BW,1552666787,19,-21.53,21.93,93.25,12.91
404,biak,56,ID,1552666446,79,-0.91,122.88,82.81,7.2
405,chaihe,0,CN,1552666788,70,44.77,129.68,10.09,3.29
406,morro bay,1,US,1552666658,75,35.37,-120.85,53.01,2.95
407,juneau,90,US,1552665360,86,58.3,-134.42,37.4,17.22
408,koumac,48,NC,1552666788,98,-20.56,164.28,74.71,3.29
409,tual,88,ID,1552666411,100,-5.67,132.75,82.63,11.56
410,yuzhno-kurilsk,8,RU,1552666788,94,44.03,145.86,31.87,14.7
411,half moon bay,20,US,1552666446,71,37.46,-122.43,53.01,3.18
412,iqaluit,90,CA,1552666371,70,63.75,-68.52,1,7.54
413,stromness,90,CA,1552666741,75,42.87,-79.55,46.99,6.93
414,benjamin constant,40,BR,1552665600,70,-4.38,-70.03,84.2,4.7
415,aksarayskiy,0,RU,1552665600,40,46.79,48.01,37.4,22.37
416,xingyi,8,CN,1552666789,60,24.19,102.82,62.29,6.53
417,grindavik,75,IS,1552665695,64,63.84,-22.43,41,10.29
418,colares,0,PT,1552666576,35,38.8,-9.45,75,4.7
419,tura,44,IN,1552666499,85,25.52,90.21,65.17,3.62
420,mitsamiouli,20,KM,1552665600,70,-11.38,43.28,84.2,3.36
422,arlit,0,NE,1552666534,45,18.74,7.39,87.22,6.53
424,stokmarknes,40,NO,1552666539,68,68.56,14.91,32,2.24
425,comodoro rivadavia,75,AR,1552665600,82,-45.87,-67.48,60.8,2.24
426,kitimat,90,CA,1552665623,88,54.02,-128.69,34,2.24
427,basco,75,US,1552666637,69,40.33,-91.2,39,18.34
428,muros,0,ES,1552666411,58,42.77,-9.06,64.99,8.05
429,jabinyanah,0,TN,1552662000,28,35.03,10.91,73.4,13.87
430,calape,20,PH,1552665600,78,9.89,123.87,80.6,8.05
431,lahaina,20,US,1552666691,88,20.87,-156.68,68,8.05
432,porto velho,40,BR,1552665600,84,-8.75,-63.87,86,3.36
434,berlevag,75,NO,1552665000,100,70.86,29.09,32,21.92
435,udachnyy,80,RU,1552666558,82,66.42,112.4,17.65,3.74
436,oksovskiy,80,RU,1552666792,90,62.61,39.91,29.35,9.55
437,zaria,8,NG,1552666792,17,11.11,7.72,96.13,14.7
438,waingapu,92,ID,1552666792,100,-9.65,120.26,72.64,3.18
439,novyy rogachik,0,RU,1552665600,47,48.68,44.06,37.4,20.13
440,wadena,32,CA,1552666792,65,51.95,-103.8,7.39,2.84
441,harindanga,75,IN,1552665600,78,22.04,88.32,77,11.41
442,pedra,80,BR,1552666793,80,-8.5,-36.94,79.66,6.42
443,riyadh,0,SA,1552665600,15,24.63,46.72,69.8,6.93
444,margate,75,AU,1552666395,72,-43.03,147.26,59,4.7
445,lima,40,PE,1552666329,78,-12.06,-77.04,77,9.17
446,cheltenham,40,GB,1552666552,76,51.9,-2.07,55,5.82
447,spitsevka,40,RU,1552666564,86,45.12,42.5,39,8.95
448,shugurovo,0,RU,1552666794,87,54.51,52.13,20.8,3.62
449,flin flon,5,CA,1552662000,65,54.77,-101.88,6.8,3.36
450,te anau,0,NZ,1552666456,92,-45.41,167.72,37.63,2.39
451,sur,0,OM,1552666469,91,22.57,59.53,72.1,15.26
452,benghazi,88,LY,1552666665,100,32.12,20.07,58.69,24.09
453,marshall,90,US,1552666770,80,39.39,-87.69,42.01,21.92
454,nabire,80,ID,1552666795,98,-3.36,135.5,69.4,1.72
455,kushiro,56,JP,1552666795,89,43.11,144.15,16.57,2.28
457,nanma,0,CN,1552666795,45,35.7,113.14,33.22,5.41
458,arman,36,RU,1552666454,35,59.7,150.17,-11.15,5.41
459,bonthe,0,SL,1552666795,56,7.53,-12.5,91.81,6.98
460,saint-augustin,90,FR,1552666689,81,44.83,-0.61,55.99,14.99
461,cockburn town,76,TC,1552666618,100,21.46,-71.14,74.53,19.39
462,nsanje,68,MZ,1552666796,62,-16.92,35.26,91.81,3.74
463,hobyo,0,SO,1552666480,74,5.35,48.53,81.64,15.26
464,henties bay,0,NA,1552665727,89,-22.12,14.28,63,7
466,sioux lookout,90,CA,1552664280,73,50.1,-91.92,21.2,10.29
467,hokitika,92,NZ,1552666796,100,-42.72,170.96,62.47,7.65
468,talcahuano,0,CL,1552665600,52,-36.72,-73.12,68,6.93
469,mapiripan,48,CO,1552666797,100,2.89,-72.13,79.66,3.96
470,medea,0,DZ,1552663800,42,36.27,2.77,66.2,13.87
471,ternate,75,PH,1552666515,69,14.29,120.72,81,2.24
473,manaus,75,BR,1552665600,94,-3.13,-59.98,77,11.41
474,acapulco,40,MX,1552661220,65,16.86,-99.88,80.6,4.18
475,quatre cocos,20,MU,1552666744,78,-20.21,57.76,80.01,4.18
476,balikpapan,64,ID,1552666753,100,-1.24,116.86,79.21,3.62
477,kirakira,0,SB,1552666798,98,-10.46,161.92,84.61,4.52
478,poum,40,MK,1552663800,31,41.28,20.71,50,8.05
479,lavrentiya,88,RU,1552666421,100,65.58,-170.99,12.43,15.82
480,lerwick,40,GB,1552665000,75,60.15,-1.15,44.6,18.34
481,saint george,20,GR,1552663200,58,39.45,22.34,57.2,4.41
482,guipavas,90,FR,1552666685,87,48.43,-4.4,54,16.11
483,ca mau,0,VN,1552666577,87,9.18,105.15,80.11,10.11
484,cotonou,20,BJ,1552662000,74,6.37,2.43,87.8,10.29
485,aleksandrovskiy zavod,0,RU,1552666799,69,50.92,117.94,9.37,3.96
486,nuuk,75,GL,1552666370,61,64.17,-51.74,15.8,14.99
487,bermeo,40,ES,1552666627,58,43.42,-2.72,59,6.93
488,amahai,24,ID,1552666566,73,-3.31,129,84.99,4
489,vazante,8,BR,1552666799,81,-17.99,-46.9,86.77,3.51
490,erzin,75,TR,1552666420,93,36.95,36.2,55.4,5.82
491,coruripe,24,BR,1552666800,95,-10.12,-36.18,83.17,12.12
492,goderich,92,CA,1552666721,87,43.74,-81.71,42.01,4
493,miraflores,76,CO,1552666493,84,5.2,-73.14,60.04,2.62
495,belmonte,0,PT,1552666721,26,40.36,-7.35,73.99,1.01
496,baijiantan,88,CN,1552666718,98,45.63,85.18,24.49,2.95
497,santa cruz,1,US,1552666524,53,36.97,-122.03,52,5.82
498,gat,0,SN,1552663800,7,14.69,-16.54,96.8,8.05
499,canchungo,0,GW,1552662000,12,12.07,-16.03,104,4.7
500,poronaysk,8,RU,1552666802,75,49.22,143.1,9.01,2.62
501,yebaishou,92,CN,1552666802,57,41.4,119.64,33.31,7.31
502,sinnamary,56,GF,1552666434,88,5.38,-52.96,82,12.46
503,mitchell,1,US,1552666504,74,43.71,-98.03,28.99,13.87
504,sao jose da coroa grande,12,BR,1552666447,79,-8.9,-35.15,86.05,10.22
505,soyo,20,AO,1552665600,74,-6.13,12.37,87.8,9.17
506,tabuk,68,PH,1552666803,96,17.41,121.44,66.16,1.39
507,bacolod,32,PH,1552666803,85,10.68,122.95,76.78,8.66
508,parvatsar,0,IN,1552666803,26,26.88,74.77,66.88,10.56
509,bantou,92,CN,1552666804,61,26.22,117.49,52.12,2.39
510,havre-saint-pierre,90,CA,1552662000,92,50.23,-63.6,30.2,14.99
511,lasa,40,CY,1552666576,72,34.92,32.53,59,10.29
512,turukhansk,32,RU,1552666804,85,65.8,87.96,2.35,6.31
513,whitehorse,75,CA,1552666521,68,60.72,-135.06,24.8,12.75
514,diego de almagro,0,CL,1552666805,76,-26.39,-70.05,70.12,3.4
515,nhulunbuy,92,AU,1552665600,88,-12.18,136.78,78.8,2.24
516,gundlupet,0,IN,1552662000,23,11.81,76.69,84.2,3.36
517,pushkino,20,RU,1552666415,59,56.01,37.85,35.6,11.18
518,khorixas,56,NA,1552666805,34,-20.37,14.96,90.37,3.62
519,arcata,1,US,1552666712,100,40.87,-124.08,46.99,11.41
520,port-gentil,20,GA,1552662000,70,-0.72,8.78,86,6.93
521,westerland,90,NL,1552666805,66,52.89,4.93,52,25.28
522,byron bay,92,AU,1552666231,100,-28.65,153.62,68,5.82
523,pontianak,40,ID,1552662000,94,-0.02,109.34,75.2,5.41
524,litovko,0,RU,1552666806,67,49.24,135.18,14.05,4.97
525,kuching,75,MY,1552665600,88,1.56,110.34,77,1.12
526,nome,75,US,1552666384,43,30.04,-94.42,57,20.8
527,saldanha,0,PT,1552666412,26,41.42,-6.55,70.39,4.07
528,amarante do maranhao,80,BR,1552666807,91,-5.57,-46.74,81.55,4.29
529,elliot,88,ZA,1552666807,51,-31.33,27.85,69.4,1.83
531,hualmay,12,PE,1552666729,74,-11.1,-77.61,76.69,5.75
532,manzil salim,20,TN,1552662000,41,35.86,8.48,60.8,18.34
533,hryshkivtsi,20,UA,1552666808,60,49.93,28.61,48.16,10
534,souillac,75,FR,1552666330,93,45.6,-0.6,55.99,16.11
535,puerto madryn,92,AR,1552666808,100,-42.77,-65.04,61.75,11.45
536,zheleznodorozhnyy,0,RU,1552666415,69,55.75,38,35.6,11.18
537,ambilobe,92,MG,1552666808,100,-13.19,49.05,73.63,2.17
538,puerto baquerizo moreno,0,EC,1552665600,69,-0.9,-89.6,82.4,4.7
540,kidal,0,ML,1552666809,21,18.44,1.41,94.96,4.41
541,kontagora,0,NG,1552666809,17,10.4,5.47,102.25,10.89
542,savannakhet,12,TH,1552666809,69,16.57,104.76,77.77,10.33
543,oranjemund,68,ZA,1552666533,92,-28.55,16.43,65.08,6.76
544,otane,20,NZ,1552666036,92,-39.89,176.62,62.01,2.39
545,miquelon,75,PM,1552665600,80,47.1,-56.38,33.8,6.93
546,ystad,75,SE,1552666625,93,55.43,13.82,41,18.34
547,tlacotalpan,80,MX,1552666810,87,18.61,-95.66,78.13,9.22
548,yuza,68,JP,1552666810,100,39.05,139.95,40.6,8.88
549,the valley,20,AI,1552665600,61,18.22,-63.06,82.4,12.75
550,gaya,75,IN,1552665600,73,24.8,85.01,73.4,2.24
551,tilichiki,0,RU,1552666811,39,60.47,166.1,-26.45,2.62
552,mackenzie,1,CA,1552662000,92,55.34,-123.09,15.8,4.7
553,laguna,75,MX,1552660860,71,27.52,-110.01,51.8,3.36
554,ladario,0,PT,1552666721,26,40.7,-7.74,75,1.01
556,rio grande,40,BR,1552665600,61,-32.03,-52.1,80.6,6.93
558,beloha,0,MG,1552666812,42,-25.17,45.06,80.74,16.71
559,caohai,92,CN,1552666812,98,26.87,104.28,38.89,2.62
560,amsterdam,0,NL,1552666744,76,52.37,4.89,52,17.22
561,narsaq,20,GL,1552665000,57,60.91,-46.05,19.4,3.74
562,northam,75,GB,1552666812,81,51.04,-4.21,55,25.28
563,eidsvag,0,NO,1552665000,44,62.78,8.07,41,9.17
564,mayumba,24,GA,1552666448,99,-3.44,10.65,81.82,6.76
565,jasper,80,US,1552666802,58,33.83,-87.28,57.2,4.74
566,hervey bay,75,AU,1552666510,100,-25.3,152.85,71.01,6.93
567,doha,5,QA,1552665300,68,25.29,51.53,71.6,11.41
568,nantucket,40,US,1552666589,87,41.28,-70.1,53.6,23.04
569,ziarat,36,PK,1552666814,57,30.38,67.73,35.29,2.62
571,marabba,0,SD,1552666814,10,12.35,32.18,95.59,13.69
572,saint-pierre,90,FR,1552666325,87,48.95,4.24,55.99,25.28
573,komsomolets,68,RU,1552666815,86,52.77,41.29,28.99,13.35
574,ormara,44,PK,1552666815,74,25.21,64.64,72.55,5.3
575,yakeshi,76,CN,1552666815,76,49.28,120.73,17.29,1.28
576,bartica,75,GY,1552665600,74,6.41,-58.62,84.2,16.11
577,kirksville,1,US,1552665300,64,40.19,-92.58,37.99,19.46
578,matara,90,PE,1552665600,81,-13.74,-72.9,53.6,8.05
579,mount gambier,0,AU,1552662000,93,-37.83,140.78,50,5.82
580,vera cruz,20,BR,1552666816,82,-22.22,-49.82,84.52,4.18
581,bosaso,0,SO,1552666816,100,11.28,49.18,78.49,6.2
582,beihai,0,CN,1552666816,47,38.95,121.19,42.01,6.71
583,ouesso,68,CG,1552666816,82,1.61,16.05,82.81,2.62
584,beidao,68,CN,1552666483,66,34.57,105.89,37.99,6.64
585,banyo,8,CM,1552666816,16,6.75,11.81,94.15,10.45
586,barranca,0,PE,1552666817,96,-10.75,-77.76,73.36,7.99
587,epe,40,DE,1552666813,87,52.18,7.04,53.01,16.11
588,dunedin,92,NZ,1552666133,94,-45.87,170.5,53.01,3.06
589,oktyabrskiy,0,RU,1552666415,69,55.61,37.97,35.6,11.18
590,khani,75,GE,1552665600,58,41.96,42.96,57.2,14.99
591,copiapo,0,CL,1552665600,49,-27.37,-70.33,71.6,9.17
592,port hedland,40,AU,1552665600,46,-20.31,118.58,89.6,5.82
